genotype,mean_lat,lat95,lat99,std_dev_lat,macs,params,label
"Genotype(normal=[('sep_conv_3x3', 0), ('skip_connect', 0), ('avg_pool_3x3', 2), ('dil_conv_5x5', 1), ('avg_pool_3x3', 1), ('avg_pool_3x3', 1), ('dil_conv_3x3', 1), ('sep_conv_5x5', 1)], normal_concat=range(2, 6), reduce=[('avg_pool_3x3', 1), ('sep_conv_3x3', 1), ('skip_connect', 2), ('dil_conv_3x3', 0), ('skip_connect', 2), ('dil_conv_5x5', 2), ('dil_conv_5x5', 4), ('avg_pool_3x3', 0)], reduce_concat=range(2, 6))",15.22552490234375,34.61122512817383,34.71994400024414,6.488425411524403,266280768.0,1460782.0,0
"Genotype(normal=[('dil_conv_3x3', 1), ('max_pool_3x3', 1), ('sep_conv_3x3', 2), ('avg_pool_3x3', 0), ('sep_conv_5x5', 0), ('skip_connect', 1), ('max_pool_3x3', 3), ('sep_conv_3x3', 1)], normal_concat=range(2, 6), reduce=[('sep_conv_3x3', 0), ('dil_conv_3x3', 0), ('max_pool_3x3', 2), ('avg_pool_3x3', 2), ('dil_conv_3x3', 2), ('dil_conv_3x3', 0), ('dil_conv_3x3', 3), ('sep_conv_5x5', 0)], reduce_concat=range(2, 6))",18.08725357055664,34.830570220947266,34.90304946899414,6.3213082705060675,286786368.0,1624654.0,1
"Genotype(normal=[('dil_conv_5x5', 0), ('sep_conv_5x5', 0), ('sep_conv_3x3', 1), ('sep_conv_5x5', 1), ('sep_conv_3x3', 0), ('skip_connect', 2), ('dil_conv_3x3', 0), ('dil_conv_3x3', 1)], normal_concat=range(2, 6), reduce=[('sep_conv_5x5', 1), ('dil_conv_3x3', 1), ('dil_conv_3x3', 2), ('sep_conv_3x3', 1), ('dil_conv_3x3', 2), ('dil_conv_3x3', 3), ('skip_connect', 1), ('dil_conv_5x5', 1)], reduce_concat=range(2, 6))",21.50089263916016,35.72535514831543,40.32373428344727,5.601164513893945,366919488.0,2087398.0,2
"Genotype(normal=[('max_pool_3x3', 1), ('dil_conv_5x5', 1), ('dil_conv_5x5', 2), ('dil_conv_5x5', 0), ('sep_conv_3x3', 2), ('avg_pool_3x3', 3), ('dil_conv_5x5', 2), ('dil_conv_3x3', 1)], normal_concat=range(2, 6), reduce=[('avg_pool_3x3', 0), ('sep_conv_5x5', 1), ('dil_conv_5x5', 0), ('dil_conv_3x3', 0), ('dil_conv_5x5', 3), ('dil_conv_5x5', 0), ('max_pool_3x3', 3), ('sep_conv_5x5', 0)], reduce_concat=range(2, 6))",16.426734924316403,23.89168739318848,34.93165969848633,4.186129223782111,296371008.0,1667278.0,3
"Genotype(normal=[('dil_conv_3x3', 1), ('sep_conv_3x3', 1), ('dil_conv_5x5', 0), ('avg_pool_3x3', 2), ('dil_conv_5x5', 0), ('max_pool_3x3', 3), ('max_pool_3x3', 1), ('dil_conv_5x5', 0)], normal_concat=range(2, 6), reduce=[('sep_conv_5x5', 1), ('max_pool_3x3', 0), ('avg_pool_3x3', 2), ('max_pool_3x3', 0), ('dil_conv_5x5', 1), ('skip_connect', 2), ('sep_conv_3x3', 0), ('skip_connect', 1)], reduce_concat=range(2, 6))",17.402160167694092,39.22033309936523,39.42680358886719,7.864323586959285,268944192.0,1490590.0,4
"Genotype(normal=[('sep_conv_5x5', 1), ('max_pool_3x3', 0), ('dil_conv_3x3', 0), ('dil_conv_3x3', 2), ('dil_conv_5x5', 0), ('sep_conv_3x3', 1), ('sep_conv_5x5', 1), ('skip_connect', 1)], normal_concat=range(2, 6), reduce=[('skip_connect', 1), ('sep_conv_3x3', 0), ('dil_conv_5x5', 1), ('dil_conv_3x3', 0), ('sep_conv_3x3', 0), ('sep_conv_3x3', 1), ('avg_pool_3x3', 1), ('avg_pool_3x3', 0)], reduce_concat=range(2, 6))",19.62614297866821,39.830923080444336,39.96014595031738,6.866494883551343,331520832.0,1868878.0,5
"Genotype(normal=[('sep_conv_3x3', 0), ('sep_conv_3x3', 1), ('dil_conv_3x3', 0), ('dil_conv_5x5', 1), ('dil_conv_3x3', 3), ('sep_conv_5x5', 1), ('dil_conv_5x5', 3), ('avg_pool_3x3', 4)], normal_concat=range(2, 6), reduce=[('dil_conv_3x3', 1), ('avg_pool_3x3', 0), ('skip_connect', 0), ('dil_conv_3x3', 0), ('sep_conv_5x5', 0), ('dil_conv_5x5', 3), ('dil_conv_5x5', 2), ('skip_connect', 4)], reduce_concat=range(2, 6))",19.975223541259766,39.8106575012207,39.992332458496094,6.622998948444652,339253056.0,1901638.0,6
"Genotype(normal=[('max_pool_3x3', 0), ('skip_connect', 1), ('sep_conv_3x3', 0), ('skip_connect', 1), ('dil_conv_5x5', 2), ('dil_conv_5x5', 2), ('avg_pool_3x3', 2), ('sep_conv_3x3', 0)], normal_concat=range(2, 6), reduce=[('skip_connect', 0), ('sep_conv_5x5', 1), ('dil_conv_5x5', 1), ('sep_conv_5x5', 1), ('dil_conv_3x3', 2), ('avg_pool_3x3', 3), ('skip_connect', 1), ('max_pool_3x3', 3)], reduce_concat=range(2, 6))",16.586403846740726,30.26413917541504,44.068336486816406,6.4542192679570975,271810368.0,1539478.0,7
